Title,Author,SecondAuthor,Reason,SecondReason,ThirdReason,Times,NumStates,States,Admin,Formal,Informal
The Poet X,"Acevedo, Elizabeth",,Religion,Race/Racism,,21,6,Pennsylvania:1/Texas:2/Virginia:1/Florida:10/Iowa:6/North Carolina:1/,17,4,0
Half of a Yellow Sun,"Adichie, Chimamanda Ngozi",,Sexual Violence & Sex,War,,10,5,Virginia:1/Florida:5/Iowa:1/Maryland:1/Texas:2/,5,4,1
The Absolutely True Diary of a Part-Time Indian,"Alexie, Sherman",,Profanity & Sex,Race/Racism,,57,8,Florida:6/Iowa:44/North Carolina:1/South Carolina:1/Texas:1/Utah:1/Virginia:1/Wisconsin:2/,53,4,1
Shout,"Anderson, Laurie Halse",,Sexual Violence & Sex,Profanity & Sex,,16,5,Wisconsin:1/Florida:3/Iowa:9/Texas:2/Virginia:1/,13,3,1
Speak,"Anderson, Laurie Halse",,Sexual Violence & Sex,Profanity & Sex,,42,6,Texas:2/Wisconsin:1/Florida:6/Iowa:31/North Carolina:1/South Carolina:1/,40,2,1
Speak: The Graphic Novel,"Anderson, Laurie Halse",,Sexual Violence & Sex,Profanity & Sex,,10,5,Missouri:1/Virginia:2/Wisconsin:1/Florida:4/Iowa:2/,8,2,1
Feed,"Anderson, M. T.",,Profanity & Sex,,,10,2,Florida:1/Iowa:9/,10,0,0
Me and Earl and the Dying Girl,"Andrews, Jesse",,Profanity & Sex,,,42,10,Virginia:2/Florida:10/Iowa:18/South Carolina:1/North Carolina:1/Texas:3/Wyoming:1/Georgia:3/Maine:2/Missouri:1/,32,8,2
The Haters,"Andrews, Jesse",,Profanity & Sex,,,32,10,Florida:9/Maryland:1/Tennessee:1/Texas:5/Virginia:1/Alaska:1/Iowa:10/Utah:1/Wisconsin:2/Wyoming:1/,19,10,1
I Know Why The Caged Bird Sings,"Angelou, Maya",,Profanity & Sex,Race/Racism,Violence & Abuse,38,5,Utah:2/Wisconsin:1/Florida:6/Iowa:28/Missouri:1/,35,3,1
Storm and Fury,"Armentrout, Jennifer L.",,Profanity & Sex,,,13,4,Iowa:2/Texas:1/Utah:1/Florida:9/,5,8,0
Damsel,"Arnold, Elana K.",,Sexual Violence & Sex,Suicide & Mental Health,Sexuality/Gender,36,11,Virginia:3/Wisconsin:1/Maine:1/Pennsylvania:1/South Carolina:1/Tennessee:1/Texas:2/Wyoming:1/Florida:8/Iowa:16/Maryland:1/,26,7,2
Red Hood,"Arnold, Elana K.",,Profanity & Sex,Sexuality/Gender,Violence & Abuse,22,8,Texas:2/Alaska:1/Florida:8/Iowa:7/Maryland:1/New York:1/North Carolina:1/Tennessee:1/,15,7,0
What Girls Are Made Of,"Arnold, Elana K.",,Profanity & Sex,Abortion/Birth Control,,27,8,Tennessee:1/Texas:4/Utah:1/Virginia:2/Wisconsin:1/Florida:7/Iowa:10/Maryland:1/,18,5,2
Thirteen Reasons Why,"Asher, Jay",,Suicide & Mental Health,Profanity & Sex,,76,8,Georgia:2/Iowa:60/Missouri:1/North Carolina:1/South Carolina:1/Virginia:2/Wisconsin:2/Florida:7/,70,6,1
Oryx and Crake,"Atwood, Margaret",,Profanity & Sex,,,19,7,Florida:6/Iowa:6/Maryland:1/North Carolina:1/Texas:3/Virginia:1/Wisconsin:1/,15,5,1
The Handmaid's Tale,"Atwood, Margaret",,Profanity & Sex,Sexuality/Gender,Religion,67,10,South Carolina:1/Virginia:1/Wisconsin:2/Maryland:1/Missouri:1/Georgia:1/Iowa:45/Texas:3/Alaska:1/Florida:11/,58,7,2
The Handmaid's Tale: The Graphic Novel,"Atwood, Margaret",,Profanity & Sex,Sexuality/Gender,Religion,24,8,Wyoming:1/Alaska:1/Florida:7/Idaho:1/Iowa:9/Pennsylvania:1/Tennessee:1/Texas:3/,17,6,0
Fun Home: A Family Tragicomic,"Bechdel, Alison",,Sexuality/Gender,,,10,6,Florida:4/Illinois:1/Iowa:2/Tennessee:1/Texas:1/Wisconsin:1/,6,4,1
"Friday Night Lights: A Town, A Team, and a Dream","Bissinger, H.G.",,Profanity & Sex,,,11,2,Florida:1/Iowa:10/,11,0,0
Forever...,"Blume, Judy",,Profanity & Sex,Abortion/Birth Control,,38,9,Iowa:19/South Carolina:1/Virginia:1/Alaska:1/Maine:1/Maryland:1/Texas:3/Utah:1/Florida:10/,30,7,1
Ready or Not,"Cabot, Meg",,Profanity & Sex,,,11,2,Florida:2/Iowa:9/,11,0,0
This Is Kind of an Epic Love Story,"Callender, Kacen",,Sexual Violence & Sex,Sexuality/Gender,,10,5,Florida:4/Iowa:2/Oregon:1/Texas:2/Utah:1/,3,6,1
Chosen,"Cast, P. C.","Cast, Kristin",Profanity & Sex,,,13,4,Iowa:3/Texas:1/Virginia:1/Florida:8/,8,5,0
The Perks of Being a Wallflower,"Chbosky, Stephen",,Profanity & Sex,Sexuality/Gender,Drugs & Alcohol,85,12,Alaska:1/Iowa:55/Pennsylvania:2/Virginia:1/Wisconsin:3/Wyoming:1/Florida:13/Georgia:2/Maryland:1/North Carolina:1/South Carolina:1/Texas:4/,72,11,2
Ready Player One,"Cline, Ernest",,Profanity & Sex,Drugs & Alcohol,Religion,10,3,Wisconsin:1/Florida:7/Iowa:2/,9,1,1
Flamer,"Curato, Mike",,Sexuality/Gender,,,22,9,Georgia:3/Iowa:7/Louisiana:1/Texas:3/Wisconsin:1/Wyoming:1/Alaska:1/Florida:4/Tennessee:1/,17,3,3
A Stolen Life,"Dugard, Jaycee",,Sexuality/Gender,Drugs & Alcohol,Profanity & Sex,28,8,Utah:2/Wyoming:1/Florida:5/Idaho:1/Iowa:16/Maine:1/Maryland:1/Texas:1/,20,8,0
Killing Mr. Griffin,"Duncan, Lois",,Violence & Abuse,Drugs & Alcohol,,10,3,Wisconsin:1/Florida:2/Iowa:7/,10,0,1
Perfect Chemistry,"Elkeles, Simone",,Profanity & Sex,Drugs & Alcohol,Violence & Abuse,11,4,Florida:6/Iowa:2/North Carolina:1/Texas:2/,6,3,1
Pet,"Emezi, Akwaeke",,Sexuality/Gender,Sexual Violence & Sex,,11,4,Iowa:6/Kentucky:1/Wisconsin:1/Florida:3/,9,2,1
Lawn Boy (JE),"Evison, Jonathan",,Sexuality/Gender,,,12,3,Texas:1/Florida:1/Iowa:10/,11,1,0
As I Lay Dying,"Faulkner, William",,Religion,Profanity & Sex,,10,2,Florida:1/Iowa:9/,10,0,0
Extremely Loud and Incredibly Close,"Foer, Jonathan Safran",,Profanity & Sex,Violence & Abuse,,21,8,Florida:6/Iowa:8/Missouri:1/North Carolina:1/Texas:1/Wisconsin:2/Wyoming:1/Alaska:1/,15,5,1
The Carnival at Bray,"Foley, Jessie Ann",,Sexuality/Gender,,,28,9,Florida:7/Iowa:12/Virginia:1/Alaska:1/Maryland:1/Missouri:1/South Carolina:1/Texas:2/Wisconsin:2/,21,6,1
Dime,"Frank, E. R.",,Sexual Violence & Sex,,,15,6,Pennsylvania:1/Texas:2/Utah:1/Virginia:2/Wisconsin:1/Florida:8/,7,4,3
Life is Funny,"Frank, E. R.",,Profanity & Sex,Sexuality/Gender,,19,6,Florida:8/Iowa:7/Tennessee:1/Texas:1/Utah:1/Virginia:1/,13,5,0
Lily and Dunkin,"Gephart, Donna",,Sexuality/Gender,Suicide & Mental Health,,10,3,Florida:1/Iowa:8/Wisconsin:1/,9,1,1
Melissa (George),"Gino, Alex",,Sexuality/Gender,,,17,4,Wisconsin:1/Florida:4/Iowa:11/Texas:1/,15,2,1
Looking for Alaska,"Green, John",,Profanity & Sex,Sexuality/Gender,Drugs & Alcohol,97,12,Maryland:1/Missouri:1/North Carolina:1/South Carolina:1/Texas:3/Virginia:1/Florida:8/Iowa:76/Wyoming:1/Wisconsin:2/California:1/Pennsylvania:1/,91,4,2
Paper Towns,"Green, John",,Profanity & Sex,,,14,3,Wisconsin:1/Florida:5/Iowa:8/,11,2,1
The Fault in Our Stars,"Green, John",,Death & Illness,Profanity & Sex,,28,3,Florida:3/Iowa:24/Wisconsin:1/,28,0,1
Ordinary Hazards,"Grimes, Nikki",,Suicide & Mental Health,Drugs & Alcohol,,17,1,Iowa:17/,17,0,0
Water for Elephants,"Gruen, Sara",,Profanity & Sex,Violence & Abuse,,66,10,South Carolina:1/Texas:3/Wisconsin:1/Wyoming:1/Idaho:1/Maryland:1/North Carolina:1/Alaska:1/Florida:14/Iowa:42/,53,10,2
The Freedom Writers Diary,"Gruwell, Erin",The Freedom Writers,Race/Racism,Drugs & Alcohol,Violence & Abuse,20,9,Texas:3/Virginia:1/Wisconsin:1/Iowa:2/Maryland:1/South Carolina:1/Utah:1/Alaska:1/Florida:9/,8,10,2
Homegoing,"Gyasi, Yaa",,Race/Racism,Profanity & Sex,,18,9,Alaska:1/Maryland:1/Texas:2/Wisconsin:1/Wyoming:1/Florida:6/Iowa:3/Utah:1/Virginia:2/,6,9,1
It Ends With Us,"Hoover, Colleen",,Violence & Abuse,Profanity & Sex,,19,8,Florida:2/Georgia:2/Iowa:10/Maine:1/Maryland:1/New York:1/Texas:1/Alaska:1/,15,4,0
It Starts With Us,"Hoover, Colleen",,Violence & Abuse,Profanity & Sex,,11,2,Florida:2/Iowa:9/,11,0,0
Regretting You,"Hoover, Colleen",,Profanity & Sex,,,14,3,Florida:2/Iowa:11/Texas:1/,13,1,0
Burned (EH),"Hopkins, Ellen",,Religion,Drugs & Alcohol,Violence & Abuse,24,5,Florida:10/Iowa:11/South Carolina:1/Texas:1/Wisconsin:1/,19,5,1
Crank,"Hopkins, Ellen",,Drugs & Alcohol,Profanity & Sex,,76,13,Tennessee:1/Wisconsin:2/Florida:9/Iowa:49/Maine:1/Maryland:1/South Carolina:1/Texas:5/Virginia:2/Alaska:1/Georgia:1/Missouri:1/North Carolina:2/,68,8,2
Fallout,"Hopkins, Ellen",,Drugs & Alcohol,Profanity & Sex,,32,7,Virginia:1/Florida:14/Iowa:12/Maine:1/North Carolina:1/Tennessee:1/Texas:2/,25,5,0
Glass,"Hopkins, Ellen",,Drugs & Alcohol,Profanity & Sex,,25,8,Florida:10/Iowa:9/Maine:1/Missouri:1/North Carolina:1/Texas:1/Virginia:1/Wisconsin:1/,21,4,1
Identical,"Hopkins, Ellen",,Suicide & Mental Health,Drugs & Alcohol,Sexual Violence & Sex,74,13,Florida:10/Maryland:1/South Carolina:1/Tennessee:1/Texas:5/Alaska:1/Georgia:1/Iowa:47/Missouri:1/North Carolina:1/Pennsylvania:2/Virginia:1/Wisconsin:2/,63,9,3
Impulse,"Hopkins, Ellen",,Suicide & Mental Health,Profanity & Sex,,28,8,Texas:3/Virginia:1/Wisconsin:1/Florida:10/Iowa:10/North Carolina:1/South Carolina:1/Tennessee:1/,25,3,2
People Kill People,"Hopkins, Ellen",,Violence & Abuse,Suicide & Mental Health,Profanity & Sex,23,10,Florida:7/Maryland:1/Texas:2/Virginia:1/South Carolina:1/Tennessee:1/Iowa:7/Maine:1/New York:1/North Carolina:1/,14,9,0
Perfect (EH),"Hopkins, Ellen",,Sexuality/Gender,Suicide & Mental Health,,47,8,Texas:2/Virginia:1/Alaska:1/Florida:5/Iowa:35/Maine:1/Maryland:1/South Carolina:1/,41,5,0
Rumble,"Hopkins, Ellen",,Sexuality/Gender,Drugs & Alcohol,Religion,13,7,Virginia:1/Wisconsin:1/Florida:2/Iowa:5/Maine:1/North Carolina:1/Texas:2/,10,2,2
Smoke,"Hopkins, Ellen",,Religion,Drugs & Alcohol,Violence & Abuse,19,6,Florida:7/Iowa:8/Maine:1/Texas:1/Virginia:1/Wisconsin:1/,15,4,1
The You I've Never Known,"Hopkins, Ellen",,Violence & Abuse,,,10,7,Virginia:1/Florida:2/Iowa:3/Maine:1/Missouri:1/North Carolina:1/Texas:1/,8,1,1
Tilt (EH),"Hopkins, Ellen",,Death & Illness,,,46,11,Alaska:1/Florida:9/Maryland:1/Wisconsin:1/Virginia:1/Iowa:27/Maine:1/Missouri:1/North Carolina:1/Tennessee:1/Texas:2/,38,7,2
Traffick,"Hopkins, Ellen",,Sexual Violence & Sex,Sexuality/Gender,Drugs & Alcohol,21,5,Iowa:11/Maine:1/Tennessee:1/Texas:2/Florida:6/,16,5,0
Tricks,"Hopkins, Ellen",,Violence & Abuse,Sexuality/Gender,Drugs & Alcohol,66,12,Virginia:2/Wyoming:2/Alaska:1/Georgia:1/Iowa:44/Maryland:1/North Carolina:2/Florida:6/Maine:1/South Carolina:1/Texas:2/Wisconsin:3/,55,9,3
The Kite Runner,"Hosseini, Khaled",,Violence & Abuse,Profanity & Sex,Religion,73,10,Alaska:1/Missouri:1/North Carolina:1/Texas:1/Wisconsin:3/Florida:10/Iowa:53/Maine:1/Maryland:1/South Carolina:1/,63,10,1
Their Eyes Were Watching God,"Hurston, Zora Neale",,Profanity & Sex,Race/Racism,,16,2,Florida:2/Iowa:14/,16,0,0
We Are the Ants,"Hutchinson, Shaun David",,Sexuality/Gender,Suicide & Mental Health,Sexual Violence & Sex,13,6,Florida:4/Iowa:5/Tennessee:1/Texas:1/Virginia:1/Wisconsin:1/,11,2,1
Brave New World,"Huxley, Aldous",,Profanity & Sex,Drugs & Alcohol,Race/Racism,32,4,Iowa:26/Texas:1/Wisconsin:1/Florida:4/,32,0,1
Allegedly,"Jackson, Tiffany D.",,Violence & Abuse,Race/Racism,,10,5,Texas:2/Wisconsin:1/Florida:5/Iowa:1/South Carolina:1/,6,2,2
Grown,"Jackson, Tiffany D.",,Violence & Abuse,Sexuality/Gender,Race/Racism,17,7,Florida:4/Iowa:7/Missouri:1/South Carolina:1/Texas:2/Virginia:1/Wisconsin:1/,16,0,2
Monday's Not Coming,"Jackson, Tiffany D.",,Race/Racism,Violence & Abuse,Suicide & Mental Health,31,9,Texas:1/Wyoming:1/Florida:5/Iowa:16/South Carolina:2/Virginia:2/Alaska:1/Georgia:1/North Carolina:2/,26,4,1
All Boys Aren't Blue,"Johnson, George M.",,Sexuality/Gender,Race/Racism,Profanity & Sex,36,10,Georgia:2/Iowa:17/Maryland:1/New York:1/Florida:7/Missouri:1/Pennsylvania:1/Texas:3/Virginia:1/Wisconsin:2/,27,7,3
Milk and Honey,"Kaur, Rupi",,Sexual Violence & Sex,Violence & Abuse,,25,8,Maryland:1/Texas:2/Virginia:1/Florida:5/Georgia:1/Idaho:1/Iowa:13/Maine:1/,22,3,0
The Sun and Her Flowers,"Kaur, Rupi",,Sexual Violence & Sex,Abortion/Birth Control,,22,10,Iowa:9/Maryland:1/Virginia:1/Wyoming:1/Florida:4/North Carolina:1/Texas:2/Utah:1/Wisconsin:1/Idaho:1/,16,6,0
The DUFF: Designated Ugly Fat Friend,"Keplinger, Kody",,Profanity & Sex,Suicide & Mental Health,Sexuality/Gender,19,8,Maryland:1/Missouri:1/Texas:2/Virginia:1/Wisconsin:2/Alaska:1/Florida:5/Iowa:6/,11,5,2
It,"King, Stephen",,Violence & Abuse,Profanity & Sex,,19,3,Iowa:14/Florida:4/Georgia:1/,17,2,0
Gender Queer: A Memoir,"Kobabe, Maia",,Sexuality/Gender,Profanity & Sex,,20,8,Wisconsin:1/Wyoming:1/Florida:2/Georgia:1/Iowa:12/Pennsylvania:1/Texas:1/Utah:1/,17,1,1
Beyond Magenta: Transgender Teens Speak Out,"Kuklin, Susan",,Sexuality/Gender,Profanity & Sex,,30,7,Georgia:2/Iowa:13/Ohio:1/South Carolina:1/Texas:2/Wisconsin:1/Florida:10/,21,7,1
The Girl with the Dragon Tattoo,"Larsson, Stieg",,Sexual Violence & Sex,Violence & Abuse,,12,5,Wisconsin:1/Florida:2/Iowa:7/Maine:1/Virginia:1/,11,1,1
Last Night at the Telegraph Club,"Lo, Malinda",,Sexuality/Gender,Profanity & Sex,Race/Racism,35,8,Pennsylvania:1/Texas:2/Virginia:1/Wisconsin:2/Alaska:1/Florida:7/Iowa:20/Maryland:1/,28,6,2
Boy Toy,"Lyga, Barry",,Sexual Violence & Sex,,,22,6,Texas:4/Wisconsin:2/Florida:8/Iowa:6/Maine:1/North Carolina:1/,14,8,1
A Court of Frost and Starlight,"Maas, Sarah J.",,Profanity & Sex,Violence & Abuse,,50,12,Alaska:1/Iowa:30/North Carolina:2/South Carolina:2/Tennessee:1/Texas:2/Florida:5/Georgia:1/Maine:1/Maryland:1/Virginia:1/Wisconsin:3/,43,6,2
A Court of Mist and Fury,"Maas, Sarah J.",,Profanity & Sex,Violence & Abuse,,60,12,Tennessee:1/Texas:3/Wyoming:1/Alaska:1/Iowa:40/Maine:1/North Carolina:2/South Carolina:2/Wisconsin:3/Florida:4/Georgia:1/Maryland:1/,54,6,2
A ​Court of Silver Flames,"Maas, Sarah J.",,Profanity & Sex,Violence & Abuse,,40,10,South Carolina:2/Texas:2/Wisconsin:2/Iowa:23/Maine:1/Maryland:1/Tennessee:1/Alaska:1/Florida:6/North Carolina:1/,34,5,1
A Court of Thorns and Roses,"Maas, Sarah J.",,Profanity & Sex,Violence & Abuse,,62,14,Alaska:1/South Carolina:2/Tennessee:1/Wyoming:1/Florida:7/Iowa:37/Maine:1/North Carolina:2/Georgia:1/Maryland:1/Wisconsin:3/Missouri:1/Texas:3/Virginia:1/,52,9,2
A Court of Wings and Ruin,"Maas, Sarah J.",,Profanity & Sex,Violence & Abuse,,58,13,Texas:2/Wisconsin:3/Florida:7/Georgia:1/Iowa:37/Maryland:1/North Carolina:1/Tennessee:1/Alaska:1/Maine:1/South Carolina:1/Virginia:1/Wyoming:1/,50,7,2
Crown of Midnight,"Maas, Sarah J.",,Profanity & Sex,Violence & Abuse,,14,7,Iowa:6/Maine:1/Missouri:1/South Carolina:1/Texas:1/Wisconsin:1/Florida:3/,12,2,1
Empire of Storms,"Maas, Sarah J.",,Profanity & Sex,Violence & Abuse,,61,12,Maine:1/Maryland:2/North Carolina:1/South Carolina:1/Tennessee:1/Texas:3/Virginia:1/Idaho:1/Florida:8/Iowa:39/Wisconsin:2/Alaska:1/,50,11,1
Heir of Fire,"Maas, Sarah J.",,Profanity & Sex,Violence & Abuse,,12,6,Florida:2/Iowa:6/Maine:1/Missouri:1/South Carolina:1/Wisconsin:1/,11,1,1
House of Earth and Blood,"Maas, Sarah J.",,Profanity & Sex,Violence & Abuse,,14,9,Iowa:2/Maine:1/Virginia:1/Florida:4/Maryland:1/Pennsylvania:1/Tennessee:1/Texas:2/Utah:1/,9,5,1
Kingdom of Ash,"Maas, Sarah J.",,Profanity & Sex,Violence & Abuse,,41,11,Florida:6/Virginia:1/Alaska:1/Iowa:23/Maine:1/Maryland:1/South Carolina:1/Tennessee:1/Texas:3/Wisconsin:2/Idaho:1/,32,8,2
Queen of Shadows,"Maas, Sarah J.",,Profanity & Sex,Violence & Abuse,,16,4,Florida:6/Iowa:8/Missouri:1/Wisconsin:1/,12,4,1
Throne of Glass,"Maas, Sarah J.",,Profanity & Sex,Violence & Abuse,,12,6,Missouri:1/Texas:1/Wisconsin:1/Florida:2/Iowa:6/Maine:1/,12,0,1
Tower of Dawn,"Maas, Sarah J.",,Profanity & Sex,Violence & Abuse,,23,6,Maine:1/South Carolina:1/Virginia:1/Wisconsin:1/Florida:4/Iowa:15/,22,1,1
Unravel Me,"Mafi, Tahereh",,Profanity & Sex,,,10,3,Florida:5/Iowa:4/Wisconsin:1/,6,3,1
Wicked: The Life and Times of the Wicked Witch of the West,"Maguire, Gregory",,Sexual Violence & Sex,Drugs & Alcohol,,32,11,Maryland:1/Missouri:1/Wisconsin:2/Virginia:1/Wyoming:1/Alaska:1/Florida:7/Idaho:1/Iowa:14/North Carolina:1/Texas:2/,21,10,1
A Clash of Kings,"Martin, George R. R.",,Profanity & Sex,Sexual Violence & Sex,Violence & Abuse,19,7,Utah:1/Wisconsin:1/Florida:8/Iowa:6/Maryland:1/North Carolina:1/Texas:1/,11,7,1
A Game of Thrones,"Martin, George R. R.",,Profanity & Sex,Sexual Violence & Sex,Violence & Abuse,16,4,Iowa:9/Texas:1/Utah:1/Florida:5/,14,2,0
The Truth About Alice: A Novel,"Mathieu, Jennifer",,Profanity & Sex,,,13,5,Florida:7/Iowa:3/South Carolina:1/Texas:1/Wisconsin:1/,7,4,2
Man o' War,"McCarthy, Cory",,Sexuality/Gender,Profanity & Sex,,10,5,Florida:5/Maryland:1/Texas:2/Utah:1/Virginia:1/,3,5,1
Sold,"McCormick, Patricia",,Sexual Violence & Sex,,,85,13,Maryland:1/Minnesota:1/Missouri:1/North Carolina:1/Pennsylvania:1/Texas:3/Alaska:1/Florida:9/Wisconsin:2/South Carolina:1/Virginia:1/Iowa:62/Maine:1/,75,8,3
The Female of the Species,"McGinnis, Mindy",,Sexuality/Gender,,,24,5,Florida:3/Iowa:18/Missouri:1/Texas:1/Wisconsin:1/,22,0,2
Fade,"McMann, Lisa",,Sexual Violence & Sex,Profanity & Sex,Drugs & Alcohol,16,5,Florida:6/Iowa:5/Missouri:1/Texas:3/Virginia:1/,11,4,1
"Red, White, and Royal Blue","McQuiston, Casey",,Sexuality/Gender,Profanity & Sex,,24,6,Virginia:1/Alaska:1/Florida:3/Georgia:1/Iowa:17/Tennessee:1/,21,3,0
Breaking Dawn,"Meyer, Stephenie",,Profanity & Sex,,,20,2,Florida:2/Iowa:18/,19,1,0
All the Things We Do in the Dark,"Mitchell, Saundra",,Sexual Violence & Sex,,,15,8,Iowa:2/Kentucky:1/Maryland:1/Missouri:1/South Carolina:1/Texas:2/Virginia:2/Florida:5/,8,4,2
Beloved,"Morrison, Toni",,Race/Racism,Sexual Violence & Sex,Violence & Abuse,41,4,Iowa:31/Texas:1/Wisconsin:2/Florida:7/,37,3,1
Song of Solomon,"Morrison, Toni",,Profanity & Sex,Race/Racism,,18,3,Florida:5/Iowa:12/Virginia:1/,15,3,0
The Bluest Eye,"Morrison, Toni",,Race/Racism,Sexual Violence & Sex,Profanity & Sex,52,11,Maryland:1/Missouri:1/Pennsylvania:1/Wisconsin:3/Alaska:1/Iowa:30/North Carolina:2/South Carolina:2/Texas:3/Virginia:1/Florida:7/,39,10,3
"l8r, g8r","Myracle, Lauren",,Profanity & Sex,,,17,8,Missouri:1/South Carolina:1/Texas:1/Wisconsin:2/Wyoming:1/Alaska:1/Florida:4/Iowa:6/,14,2,1
Shine,"Myracle, Lauren",,Sexual Violence & Sex,Sexuality/Gender,Drugs & Alcohol,33,8,Iowa:13/Maryland:1/Missouri:1/Texas:3/Virginia:3/Wisconsin:2/Alaska:1/Florida:9/,18,11,4
The Infinite Moment of Us,"Myracle, Lauren",,Profanity & Sex,,,23,6,Florida:4/Georgia:1/Indiana:1/Iowa:14/Texas:2/Virginia:1/,19,3,1
yolo,"Myracle, Lauren",,Profanity & Sex,,,12,5,Alaska:1/Florida:3/Iowa:5/Texas:2/Virginia:1/,9,2,1
Like a Love Story,"Nazemian, Abdi",,Sexuality/Gender,Race/Racism,,21,7,Tennessee:1/Texas:3/Utah:1/Virginia:1/Florida:4/Iowa:10/Maryland:1/,16,4,1
All the Bright Places,"Niven, Jennifer",,Suicide & Mental Health,Profanity & Sex,,11,3,Florida:4/Iowa:6/Wisconsin:1/,9,2,1
Breathless (JN),"Niven, Jennifer",,Sexuality/Gender,Profanity & Sex,,32,11,Maine:1/Texas:2/Wisconsin:1/Wyoming:1/Alaska:1/Iowa:17/Maryland:1/North Carolina:1/Tennessee:1/Virginia:1/Florida:5/,26,5,1
1984,"Orwell, George",,Profanity & Sex,Violence & Abuse,Communism,10,1,Iowa:10/,10,0,0
Where the Crawdads Sing,"Owens, Delia",,Sexual Violence & Sex,Violence & Abuse,,22,4,Texas:1/Wisconsin:1/Florida:5/Iowa:15/,22,0,1
Out of Darkness,"Pérez, Ashley Hope",,Sexual Violence & Sex,Race/Racism,,40,9,South Carolina:1/Virginia:2/Florida:4/Pennsylvania:1/Missouri:1/North Carolina:1/Texas:1/Georgia:1/Iowa:28/,37,1,1
My Sister's Keeper,"Picoult, Jodi",,Sexual Violence & Sex,Suicide & Mental Health,Sexuality/Gender,12,3,Texas:1/Florida:3/Iowa:8/,12,0,0
Nineteen Minutes,"Picoult, Jodi",,Sexual Violence & Sex,Violence & Abuse,,98,11,Alaska:1/Pennsylvania:1/Texas:3/Virginia:1/Wisconsin:3/South Carolina:1/Florida:8/Iowa:76/Maryland:1/Missouri:1/North Carolina:2/,87,10,2
The Nowhere Girls,"Reed, Amy",,Sexual Violence & Sex,Sexuality/Gender,,24,7,Florida:6/Idaho:1/Iowa:11/North Carolina:1/Texas:2/Virginia:2/Wyoming:1/,18,3,2
Juliet Takes a Breath,"Rivera, Gabby",,Sexuality/Gender,Profanity & Sex,Race/Racism,15,8,Florida:5/Georgia:1/Iowa:2/Maine:1/Maryland:1/Missouri:1/Texas:3/Virginia:1/,9,4,2
Eleanor and Park,"Rowell, Rainbow",,Profanity & Sex,Violence & Abuse,,20,7,Wisconsin:1/Florida:10/Iowa:4/Missouri:1/North Carolina:1/South Carolina:1/Texas:2/,13,6,1
I Am Not Your Perfect Mexican Daughter,"Sánchez, Erika L.",,Sexuality/Gender,Race/Racism,,41,7,Virginia:1/Wisconsin:1/Florida:5/Iowa:31/North Carolina:1/South Carolina:1/Texas:1/,40,1,1
Push,Sapphire,,Sexual Violence & Sex,Violence & Abuse,,19,5,Wisconsin:1/Florida:5/Iowa:9/North Carolina:1/Texas:3/,15,5,1
Jesus Land: A Memoir,"Scheeres, Julia",,Sexual Violence & Sex,Race/Racism,Religion,13,6,Iowa:4/New York:1/Texas:1/Virginia:1/Wisconsin:1/Florida:5/,9,3,0
Living Dead Girl,"Scott, Elizabeth",,Sexual Violence & Sex,,,42,9,South Carolina:1/Utah:1/Wyoming:1/North Carolina:1/Florida:6/Iowa:28/Texas:2/Wisconsin:1/Alaska:1/,35,6,0
Lucky (AS),"Sebold, Alice",,Sexual Violence & Sex,Violence & Abuse,,48,11,Maryland:2/Missouri:1/Pennsylvania:1/Texas:4/Wyoming:1/Florida:11/Iowa:23/Maine:1/Alaska:1/Georgia:2/Wisconsin:1/,34,12,2
The Almost Moon,"Sebold, Alice",,Violence & Abuse,Suicide & Mental Health,,13,3,Florida:9/Iowa:2/Texas:2/,4,9,0
The Lovely Bones,"Sebold, Alice",,Sexual Violence & Sex,Violence & Abuse,Death & Illness,25,6,Iowa:11/South Carolina:1/Texas:4/Wisconsin:1/Alaska:1/Florida:7/,19,6,2
More Happy Than Not,"Silvera, Adam",,Sexuality/Gender,Profanity & Sex,Suicide & Mental Health,10,6,Iowa:1/Texas:1/Virginia:1/Wisconsin:2/Florida:4/Georgia:1/,5,3,3
The 57 Bus: A True Story of Two Teenagers and the Crime That Changed Their Lives,"Slater, Dashka",,Race/Racism,Sexuality/Gender,Profanity & Sex,11,4,Wisconsin:1/Florida:3/Iowa:6/South Carolina:1/,10,1,1
Go Ask Alice,"Sparks, Beatrice",Anonymous,Drugs & Alcohol,Profanity & Sex,,15,4,Florida:5/Iowa:8/Missouri:1/Texas:1/,13,1,0
The Art of Racing in the Rain,"Stein, Garth",,Sexual Violence & Sex,,,14,6,Texas:1/Virginia:2/Wisconsin:1/Florida:6/Iowa:3/Maine:1/,9,4,1
This One Summer,"Tamaki, Mariko",,Sexuality/Gender,Profanity & Sex,Suicide & Mental Health,11,6,Florida:3/Iowa:3/South Carolina:1/Texas:2/Wisconsin:1/Alaska:1/,9,2,1
Drama: A Graphic Novel,"Telgemeier, Raina",,Sexuality/Gender,,,30,6,Alaska:1/Florida:8/Iowa:17/Kentucky:1/Texas:1/Wisconsin:2/,22,6,1
Concrete Rose,"Thomas, Angie",,Race/Racism,Profanity & Sex,Drugs & Alcohol,13,3,Florida:6/Iowa:6/Wisconsin:1/,8,3,1
The Hate U Give,"Thomas, Angie",,Race/Racism,Violence & Abuse,Profanity & Sex,40,7,Florida:6/Georgia:1/Iowa:29/Missouri:1/South Carolina:1/Texas:1/Wisconsin:1/,36,4,1
Blankets,"Thompson, Craig",,Profanity & Sex,Religion,,17,8,Maryland:1/Texas:2/Utah:2/Wisconsin:1/Wyoming:1/Florida:4/Georgia:3/Iowa:3/,12,5,1
Slaughterhouse-Five,"Vonnegut Jr., Kurt",,War,Profanity & Sex,Religion,37,11,South Carolina:1/Utah:1/Virginia:1/Wisconsin:1/Alaska:1/Florida:9/Maryland:1/Missouri:1/Iowa:17/Maine:1/Texas:3/,28,8,1
The Color Purple,"Walker, Alice",,Sexual Violence & Sex,Race/Racism,Violence & Abuse,51,5,Texas:1/Wisconsin:1/Florida:5/Iowa:43/Missouri:1/,50,1,1
The Glass Castle,"Walls, Jeannette",,Sexual Violence & Sex,Drugs & Alcohol,Profanity & Sex,14,4,Iowa:10/Texas:1/Virginia:1/Florida:2/,14,0,0
Native Son,"Wright, Richard",,Race/Racism,Profanity & Sex,Violence & Abuse,20,3,Wisconsin:1/Florida:4/Iowa:15/,18,2,1
"Everything, Everything","Yoon, Nicola",,Death & Illness,,,13,3,Iowa:9/Florida:3/Texas:1/,13,0,0